[{
    "model": "admin.logentry",
    "pk": 1,
    "fields": {
        "action_time": "2022-03-24T19:30:56.523Z",
        "user": 1,
        "content_type": 7,
        "object_id": "1",
        "object_repr": "kuppa.example.com",
        "action_flag": 2,
        "change_message": "[{\"changed\": {\"fields\": [\"Domain name\", \"Display name\"]}}]"
    }
}, {
    "model": "admin.logentry",
    "pk": 2,
    "fields": {
        "action_time": "2022-03-24T20:37:15.248Z",
        "user": 1,
        "content_type": 8,
        "object_id": "1",
        "object_repr": "joshrcal89@gmail.com",
        "action_flag": 1,
        "change_message": "[{\"added\": {}}]"
    }
}, {
    "model": "admin.logentry",
    "pk": 3,
    "fields": {
        "action_time": "2022-05-02T15:06:43.111Z",
        "user": 1,
        "content_type": 14,
        "object_id": "12",
        "object_repr": "Product object (12)",
        "action_flag": 2,
        "change_message": "[{\"changed\": {\"fields\": [\"Price\"]}}]"
    }
}, {
    "model": "admin.logentry",
    "pk": 4,
    "fields": {
        "action_time": "2022-05-02T15:08:58.540Z",
        "user": 1,
        "content_type": 13,
        "object_id": "8",
        "object_repr": "Category object (8)",
        "action_flag": 1,
        "change_message": "[{\"added\": {}}]"
    }
}, {
    "model": "admin.logentry",
    "pk": 5,
    "fields": {
        "action_time": "2022-05-02T15:09:03.193Z",
        "user": 1,
        "content_type": 14,
        "object_id": "11",
        "object_repr": "Product object (11)",
        "action_flag": 2,
        "change_message": "[{\"changed\": {\"fields\": [\"Category\"]}}]"
    }
}, {
    "model": "admin.logentry",
    "pk": 6,
    "fields": {
        "action_time": "2022-05-02T15:09:49.751Z",
        "user": 1,
        "content_type": 13,
        "object_id": "9",
        "object_repr": "Category object (9)",
        "action_flag": 1,
        "change_message": "[{\"added\": {}}]"
    }
}, {
    "model": "admin.logentry",
    "pk": 7,
    "fields": {
        "action_time": "2022-05-02T15:09:53.884Z",
        "user": 1,
        "content_type": 14,
        "object_id": "11",
        "object_repr": "Product object (11)",
        "action_flag": 2,
        "change_message": "[{\"changed\": {\"fields\": [\"Category\"]}}]"
    }
}, {
    "model": "admin.logentry",
    "pk": 8,
    "fields": {
        "action_time": "2022-05-06T07:48:51.737Z",
        "user": 1,
        "content_type": 13,
        "object_id": "9",
        "object_repr": "Category object (9)",
        "action_flag": 3,
        "change_message": ""
    }
}, {
    "model": "admin.logentry",
    "pk": 9,
    "fields": {
        "action_time": "2022-05-06T07:48:51.739Z",
        "user": 1,
        "content_type": 13,
        "object_id": "8",
        "object_repr": "Category object (8)",
        "action_flag": 3,
        "change_message": ""
    }
}, {
    "model": "admin.logentry",
    "pk": 10,
    "fields": {
        "action_time": "2022-05-08T13:54:39.202Z",
        "user": 1,
        "content_type": 14,
        "object_id": "11",
        "object_repr": "Product object (11)",
        "action_flag": 2,
        "change_message": "[{\"changed\": {\"fields\": [\"Category\"]}}]"
    }
}, {
    "model": "admin.logentry",
    "pk": 11,
    "fields": {
        "action_time": "2022-05-22T12:10:52.007Z",
        "user": 1,
        "content_type": 15,
        "object_id": "10",
        "object_repr": "297931A2588645FFA5D8DD3BAF598D7B",
        "action_flag": 2,
        "change_message": "[{\"deleted\": {\"name\": \"order item\", \"object\": \"OrderItem object (None)\"}}]"
    }
}, {
    "model": "admin.logentry",
    "pk": 12,
    "fields": {
        "action_time": "2022-05-23T19:02:07.066Z",
        "user": 1,
        "content_type": 8,
        "object_id": "2",
        "object_repr": "joshrcal@hotmail.co.uk",
        "action_flag": 3,
        "change_message": ""
    }
}, {
    "model": "admin.logentry",
    "pk": 13,
    "fields": {
        "action_time": "2022-05-23T19:02:21.060Z",
        "user": 1,
        "content_type": 4,
        "object_id": "2",
        "object_repr": "fullstackjosh",
        "action_flag": 3,
        "change_message": ""
    }
}, {
    "model": "admin.logentry",
    "pk": 14,
    "fields": {
        "action_time": "2022-05-23T19:02:21.062Z",
        "user": 1,
        "content_type": 4,
        "object_id": "3",
        "object_repr": "fullstackjoshua",
        "action_flag": 3,
        "change_message": ""
    }
}, {
    "model": "admin.logentry",
    "pk": 15,
    "fields": {
        "action_time": "2022-05-24T19:07:02.825Z",
        "user": 1,
        "content_type": 4,
        "object_id": "1",
        "object_repr": "admin",
        "action_flag": 2,
        "change_message": "[{\"changed\": {\"fields\": [\"First name\", \"Last name\"]}}]"
    }
}, {
    "model": "admin.logentry",
    "pk": 16,
    "fields": {
        "action_time": "2022-05-28T15:10:16.185Z",
        "user": 1,
        "content_type": 14,
        "object_id": "11",
        "object_repr": "Product object (11)",
        "action_flag": 2,
        "change_message": "[{\"changed\": {\"fields\": [\"Name\"]}}]"
    }
}, {
    "model": "admin.logentry",
    "pk": 17,
    "fields": {
        "action_time": "2022-05-28T15:11:50.768Z",
        "user": 1,
        "content_type": 14,
        "object_id": "11",
        "object_repr": "Product object (11)",
        "action_flag": 2,
        "change_message": "[{\"changed\": {\"fields\": [\"Image url\"]}}]"
    }
}, {
    "model": "admin.logentry",
    "pk": 18,
    "fields": {
        "action_time": "2022-05-28T15:12:36.512Z",
        "user": 1,
        "content_type": 14,
        "object_id": "11",
        "object_repr": "Product object (11)",
        "action_flag": 2,
        "change_message": "[{\"changed\": {\"fields\": [\"Image url\"]}}]"
    }
}, {
    "model": "auth.user",
    "pk": 1,
    "fields": {
        "password": "pbkdf2_sha256$260000$Beh2XZOWgT1sdB2fs6m0PG$Vc2w+xEovYqMGylMkRPSYr7100pxbR1DQjH+miPALsQ=",
        "last_login": "2022-05-29T17:24:22.984Z",
        "is_superuser": true,
        "username": "admin",
        "first_name": "Josh",
        "last_name": "Callaway",
        "email": "joshrcal89@gmail.com",
        "is_staff": true,
        "is_active": true,
        "date_joined": "2022-03-23T18:59:12Z",
        "groups": [],
        "user_permissions": []
    }
}, {
    "model": "auth.user",
    "pk": 4,
    "fields": {
        "password": "pbkdf2_sha256$260000$YbMUui2k4Ck6QB9Z9bRWcH$T7z0cnDFiRZC9+j/WNVSFQ5kLxTHsAkSnzDiO5PbULg=",
        "last_login": "2022-05-28T15:34:01.400Z",
        "is_superuser": false,
        "username": "fullstackjosh",
        "first_name": "",
        "last_name": "",
        "email": "hello@fullstackjosh.com",
        "is_staff": false,
        "is_active": true,
        "date_joined": "2022-05-23T19:05:04.901Z",
        "groups": [],
        "user_permissions": []
    }
}, {
    "model": "auth.user",
    "pk": 5,
    "fields": {
        "password": "pbkdf2_sha256$260000$aiVGlm07qzQ3xAYJSJpnnU$0REIW9SbGDYBlYZNKqqi4UzWlTrdax37Gdq12qLAaik=",
        "last_login": "2022-05-29T17:01:28.530Z",
        "is_superuser": false,
        "username": "natcallaway",
        "first_name": "",
        "last_name": "",
        "email": "nat-kelly@outlook.com",
        "is_staff": false,
        "is_active": true,
        "date_joined": "2022-05-28T19:30:39.048Z",
        "groups": [],
        "user_permissions": []
    }
}, {
    "model": "auth.user",
    "pk": 6,
    "fields": {
        "password": "pbkdf2_sha256$260000$6WWGkQppfL8uVhQICPlYPf$a5yOVAQ51+fn1O8wuyGz3V94Xf94T6EhkGsje2MSaR0=",
        "last_login": "2022-05-29T17:24:57.501Z",
        "is_superuser": false,
        "username": "josh",
        "first_name": "",
        "last_name": "",
        "email": "joshrcal@hotmail.co.uk",
        "is_staff": false,
        "is_active": true,
        "date_joined": "2022-05-28T19:34:56.560Z",
        "groups": [],
        "user_permissions": []
    }
}, {
    "model": "auth.user",
    "pk": 7,
    "fields": {
        "password": "pbkdf2_sha256$260000$e7ZmoEUUqS8ZBu8opJuj1a$W4fHIN8cPstLAuZiVwHfxaQVxprDOnvHJN1SMzHORZ4=",
        "last_login": "2022-05-29T17:27:00.600Z",
        "is_superuser": false,
        "username": "someone",
        "first_name": "",
        "last_name": "",
        "email": "someone@someone.com",
        "is_staff": false,
        "is_active": true,
        "date_joined": "2022-05-29T17:25:26.219Z",
        "groups": [],
        "user_permissions": []
    }
}, {
    "model": "sessions.session",
    "pk": "5rpf56weu85d3g448ylni5pyrozn8u4v",
    "fields": {
        "session_data": "e30:1ntD6A:RwbNsO8gPdnzW3jbu9b92pvTSVSLAhyIpA4oVxEYgu8",
        "expire_date": "2022-06-06T18:48:10.874Z"
    }
}, {
    "model": "sessions.session",
    "pk": "60jtqy2tc2wuiti8uvut1qquntr9o9h3",
    "fields": {
        "session_data": ".eJxVjEEOwiAQRe_C2hBgYLQu3XsGMjBTqRpISrsy3l2bdKHb_977LxVpXUpcu8xxYnVWVh1-t0T5IXUDfKd6azq3usxT0puid9r1tbE8L7v7d1Col28NHhIw4JE5ZUDnnJBlJAMUyCCJjJSCMdbzIChudBwCnDIO3mAWUu8P7XY4QQ:1nj3w9:rVEjDOFochDC8Ws_EuxlTNcO3nvKTbehNCS1BUFf-Z4",
        "expire_date": "2022-05-09T18:59:53.101Z"
    }
}, {
    "model": "sessions.session",
    "pk": "8fqzrhdza3tyderucf1v6jk2qp5zocml",
    "fields": {
        "session_data": ".eJxVjEEOwiAQRe_C2hBgYLQu3XsGMjBTqRpISrsy3l2bdKHb_977LxVpXUpcu8xxYnVWVh1-t0T5IXUDfKd6azq3usxT0puid9r1tbE8L7v7d1Col28NHhIw4JE5ZUDnnJBlJAMUyCCJjJSCMdbzIChudBwCnDIO3mAWUu8P7XY4QQ:1nfmKP:pYSermFY1f8bDu0kNRzSavngVTH1uDaJ9ZxW_7ONFUQ",
        "expire_date": "2022-04-30T17:35:21.749Z"
    }
}, {
    "model": "sessions.session",
    "pk": "bsjlddhqcxqwj190ywahobvl211dor8v",
    "fields": {
        "session_data": "e30:1ntD4k:gcakMuM0iBq3G4AG4OUPUdd5Bgb_ciQtFB-Rpab7lpk",
        "expire_date": "2022-06-06T18:46:42.372Z"
    }
}, {
    "model": "sessions.session",
    "pk": "c99r51c3a7nzo1v2vdhwf02ytxtnhziw",
    "fields": {
        "session_data": "e30:1ntD5Z:GPaY9K1VNAnaL2VyuMUSndKTK562AvWRGeL_lsv4Zm0",
        "expire_date": "2022-06-06T18:47:33.206Z"
    }
}, {
    "model": "sessions.session",
    "pk": "dhy49ybm8px7we5xw1w775rhtdfiiy0r",
    "fields": {
        "session_data": ".eJxVTjsOgzAMvYtnFCUxSSFj954BObEptBVIBCbE3RskhnZ6el-9HTra1qHbsizdyBDAQPWrRUpvmU6DXzQ9Z5XmaV3GqM6IutysHjPL535l_wYGykNpY40RGf2NOSb01lohw540kiPtSaSn6LQ2NbfixfaWncMm-bbWPgmV0Uj5LSuEHYyFYHVVvgY8QUMwBQptjuMLeGxBXg:1nlaOb:AMdPHcEnGoG0EpI7SEyajZ5PR6gW1VSRn4EseUpdC3g",
        "expire_date": "2022-05-16T18:03:41.162Z"
    }
}, {
    "model": "sessions.session",
    "pk": "eqenorumkb7y4tr1t515mchrspzm7u5w",
    "fields": {
        "session_data": ".eJxVjU0OgjAQhe_StSHTlo7CTi_STKdDaCTF2JJojHcXDAtdvr_vvZSnpY5-KXL3KapeaXX49QLxVfIW0DRtdkPM85Jr8-3scWnOq5JcE1NNc77sqz_USGVcOba1wUaLxxgDWzTGCOmIBJYcAZLIQMEB6DZ2gmIGE52zJ8auBWShDVqklPXGy-OW7k_VawMdArw_aDNFJA:1nXUE5:P7YQQ84gts-BYFbRRDqMnjnNCAdImRSaxLXfTQhd67k",
        "expire_date": "2022-04-07T20:38:33.858Z"
    }
}, {
    "model": "sessions.session",
    "pk": "fyjr3l0lz7jiq06isgdwgw1rdgankbj3",
    "fields": {
        "session_data": ".eJxVj8EOgjAQRP9lz4SUFqr06N1vaLbdRSqmNRSMhvDvQsJBr_NmXjILWJyn3s6ZRxsIDFRQ_GYO_cBxB3THeEulT3Eagyv3SnnQXF4T8eNydP8EPeZ-W6taOUVKn4icV1pKyViRRqGwQaGRuUPXCFHV1LJm2UlqGnX2uq2F9oy7NHPOIUXL72cYP2BEARlfbEPsEphpnLkAh3ngCcyyHTH1un4B0ZdKoQ:1ntvhO:UuxqFvbI-czdlnigNWKrJpLxcPRj3hNBKjHBPR4Sprk",
        "expire_date": "2022-06-08T18:25:34.513Z"
    }
}, {
    "model": "sessions.session",
    "pk": "ix1v221dy2lowy1uh16b6cj2r9l0i7o1",
    "fields": {
        "session_data": ".eJxVjcFuwyAMQP_FZxQRnLCF2_YjyICjoDIyBahWVf33JlU0qUe_Zz_fgbxfW672ylucIwfLPxQTmNxSEv-2Fd7AwAACLLW6vICNYWf9O3PkL5wPQSkduDsb3Wvn1KX72ifONXqqcc3f59VbaqGy7B0c0GFA_RGC86iVUkx90CSRRpKamGdyo5T9ECbWrGYVxhE_vZ4GqT3TES1cyv7G8t9v3G5gpIBCV7YxzyuYujUW4KhcuIK5wwQGBSCY_vF4AtgjYb0:1ntnH7:hhVzTb9__IWt2IQXhlmuEqDbwTyI5hn3mvmDK2OpkO0",
        "expire_date": "2022-06-08T09:25:53.029Z"
    }
}, {
    "model": "sessions.session",
    "pk": "ixvmk1ik01eezs7um1ze1va4dylevjql",
    "fields": {
        "session_data": ".eJxVjEEOwiAQRe_C2hBgYLQu3XsGMjBTqRpISrsy3l2bdKHb_977LxVpXUpcu8xxYnVWVh1-t0T5IXUDfKd6azq3usxT0puid9r1tbE8L7v7d1Col28NHhIw4JE5ZUDnnJBlJAMUyCCJjJSCMdbzIChudBwCnDIO3mAWUu8P7XY4QQ:1nhzhs:DzKiMFsqVwsskibR2B913COLjSN84nW6aAqJc2lgCuU",
        "expire_date": "2022-05-06T20:16:44.809Z"
    }
}, {
    "model": "sessions.session",
    "pk": "kj490yn8xbyxvi9khmhps019uuynnr17",
    "fields": {
        "session_data": ".eJxVjEEOwiAQRe_C2hBgYLQu3XsGMjBTqRpISrsy3l2bdKHb_977LxVpXUpcu8xxYnVWVh1-t0T5IXUDfKd6azq3usxT0puid9r1tbE8L7v7d1Col28NHhIw4JE5ZUDnnJBlJAMUyCCJjJSCMdbzIChudBwCnDIO3mAWUu8P7XY4QQ:1nhE7X:umyM4fW0eXbAZ2FhrzRx4YXRIGWGZSEBQg3n23sVo9A",
        "expire_date": "2022-05-04T17:28:03.623Z"
    }
}, {
    "model": "sessions.session",
    "pk": "lwdsj0uwtasai621tg2uxoa7z5yj8lao",
    "fields": {
        "session_data": ".eJxVjDEOgzAQBP9yNbJsn-2Ay_R5Azr7jkASgYShQvw9IFEk7c7sbNDSuvTtWmRuB4YIBqrfLVF-y3gCftH4nFSexmUekjoVddGiHhPL5365f4GeSn-80WFCxnBjThmDtVbIcCCN5EkHEukoea2N40aC2M6y91jn0DgdstARTVTeskDcwEGsKzAGoq0AIZp9_wL5UD-T:1not7C:XEB3aptA-2LgNdu6e-zYwy5UML2qL-6-0BYUfrmuR1o",
        "expire_date": "2022-05-25T20:39:22.857Z"
    }
}, {
    "model": "sessions.session",
    "pk": "m8045e8bavlmvnvykiri58xdo70mel61",
    "fields": {
        "session_data": "e30:1ntDHr:LP_19GS67XP5Wv3a0NQo8S6LvYA6XDwtUYl_tmFCDwI",
        "expire_date": "2022-06-06T19:00:15.413Z"
    }
}, {
    "model": "sessions.session",
    "pk": "ooh3g73rxca2ma0lkz891s6we20xvgpc",
    "fields": {
        "session_data": "e30:1ntD56:1bQZec9oKDlFmbtRKx74CgW-rjtFk3SMu5RqSMM08Kc",
        "expire_date": "2022-06-06T18:47:04.700Z"
    }
}, {
    "model": "sessions.session",
    "pk": "pqkad2scnoq71tcrh79rrrv3iil4guw8",
    "fields": {
        "session_data": "e30:1ntDAM:MKRZbay8QLWQWCqhWcaTY51-81ct898qcEXtHLtwi9w",
        "expire_date": "2022-06-06T18:52:30.618Z"
    }
}, {
    "model": "sessions.session",
    "pk": "py5itstmn70him9li609vsgcc5se4hms",
    "fields": {
        "session_data": ".eJxVjMsOwiAQRf-FtSHDowJduvcbyFCmFjVgoE00xn-3TbrQ7T3nnjfzuMyTXxpVnyLrmWGH3y3gcKO8gXjFfCl8KHmuKfBN4Ttt_Fwi3U-7-xeYsE3r21Kw0RrrDIgOSQk9UnBCSpQQQyAd9aCQJCgBAgHVEZxbuRn1CNjZLdqotVSyp-cj1Rfr4fMFfXs-ng:1nvMgu:mYZLQHZc_6Wyqy1Kj6DeWoTGAdAtvAQ7It36NJ4dzYc",
        "expire_date": "2022-06-12T17:27:00.637Z"
    }
}, {
    "model": "sessions.session",
    "pk": "q5c3k8dt6gpefvcogof04wgumapuqght",
    "fields": {
        "session_data": ".eJxVjDEOgzAMRe_iGUVJnKSFsXvPgJzYFEoFEoEJcfdCy8Lib_337BUi5V5mqFYwBipTgP3N_270HlsBNS1zWy9ZprpjqHZ66SKlXoYD8JuG16jSOMxTF9WhqJNm9RxZPo_TvTxoKbf7NTqMyBhuzDFhsNYKGQ6kkTzpQCINRa-1cVxKENtY9h7vKZROhyQE2xdYW0DD:1nsR5l:_7J316Q7hqv2F6usygwbG38IGci5mAnE7kpOmuK98xc",
        "expire_date": "2022-06-04T15:32:33.817Z"
    }
}, {
    "model": "sessions.session",
    "pk": "r3jkz9i6jmfx9enosdjb6kug1a82rpjt",
    "fields": {
        "session_data": "eyJhY2NvdW50X3ZlcmlmaWVkX2VtYWlsIjpudWxsLCJhY2NvdW50X3VzZXIiOiIzIn0:1ntD4K:ct5I3r9IZNqgHxQHEAHc3gzcLX9NS1I8WlvwIBtdxSU",
        "expire_date": "2022-06-06T18:46:16.023Z"
    }
}, {
    "model": "sessions.session",
    "pk": "r67lp6rnv7kccdu9zczfrf05695er9ll",
    "fields": {
        "session_data": "e30:1ntD2A:c4Ptpm0I7Qwazq_7xM7YBJPZXYysRHDGx1HgUnnCZjk",
        "expire_date": "2022-06-06T18:44:02.771Z"
    }
}, {
    "model": "sessions.session",
    "pk": "s1xjbyft10rkiwx2bed8uad6m0kiistz",
    "fields": {
        "session_data": ".eJxVjEEOwiAQRe_C2hBgYLQu3XsGMjBTqRpISrsy3l2bdKHb_977LxVpXUpcu8xxYnVWVh1-t0T5IXUDfKd6azq3usxT0puid9r1tbE8L7v7d1Col28NHhIw4JE5ZUDnnJBlJAMUyCCJjJSCMdbzIChudBwCnDIO3mAWUu8P7XY4QQ:1nXT9g:8TxItpngcqOYYhligteVGhFhcRCK8YuPtKiAFW77zw8",
        "expire_date": "2022-04-07T19:29:56.192Z"
    }
}, {
    "model": "sessions.session",
    "pk": "w7fs6gsnlkijojj3mpi04ev1pr7ty1m6",
    "fields": {
        "session_data": "e30:1ntD5r:kOJmL64dOOsbytKn3OcmEzAZh3c2GPONnWR7nGzndIc",
        "expire_date": "2022-06-06T18:47:51.147Z"
    }
}, {
    "model": "sites.site",
    "pk": 1,
    "fields": {
        "domain": "kuppa.example.com",
        "name": "kuppa"
    }
}, {
    "model": "account.emailaddress",
    "pk": 1,
    "fields": {
        "user": 1,
        "email": "joshrcal89@gmail.com",
        "verified": true,
        "primary": true
    }
}, {
    "model": "account.emailaddress",
    "pk": 3,
    "fields": {
        "user": 4,
        "email": "hello@fullstackjosh.com",
        "verified": true,
        "primary": true
    }
}, {
    "model": "account.emailaddress",
    "pk": 4,
    "fields": {
        "user": 5,
        "email": "nat-kelly@outlook.com",
        "verified": true,
        "primary": true
    }
}, {
    "model": "account.emailaddress",
    "pk": 5,
    "fields": {
        "user": 6,
        "email": "joshrcal@hotmail.co.uk",
        "verified": true,
        "primary": true
    }
}, {
    "model": "account.emailaddress",
    "pk": 6,
    "fields": {
        "user": 7,
        "email": "someone@someone.com",
        "verified": true,
        "primary": true
    }
}, {
    "model": "products.category",
    "pk": 1,
    "fields": {
        "name": "blends",
        "friendly_name": "Blends"
    }
}, {
    "model": "products.category",
    "pk": 2,
    "fields": {
        "name": "guatemala",
        "friendly_name": "Guatemala"
    }
}, {
    "model": "products.category",
    "pk": 3,
    "fields": {
        "name": "costa_rica",
        "friendly_name": "Costa Rica"
    }
}, {
    "model": "products.category",
    "pk": 4,
    "fields": {
        "name": "cups",
        "friendly_name": "Cups"
    }
}, {
    "model": "products.category",
    "pk": 5,
    "fields": {
        "name": "machines",
        "friendly_name": "Machines"
    }
}, {
    "model": "products.category",
    "pk": 6,
    "fields": {
        "name": "new_arrivals",
        "friendly_name": "New Arrivals"
    }
}, {
    "model": "products.category",
    "pk": 7,
    "fields": {
        "name": "great_deals",
        "friendly_name": "Great Deals"
    }
}, {
    "model": "products.product",
    "pk": 1,
    "fields": {
        "sku": "pp001",
        "name": "Callax",
        "description": "Our signature blend. A full bodied medium roast with hints of milk chocolate and Hazelnut. Good both with or without milk. Not one to be ignored.",
        "price": "20.99",
        "category": 1,
        "rating": "4.90",
        "image_url": "https://ae01.alicdn.com/kf/HTB16FJ9KFXXXXX6XFXXq6xXFXXXy/20X30cm-Wholesale-StandUp-Blank-brown-Zipper-Kraft-bag-Candy-Coffee-Tea-gift-Kraft-paper-bag-with.jpg",
        "image": "coffee_product.png"
    }
}, {
    "model": "products.product",
    "pk": 3,
    "fields": {
        "sku": "pp003",
        "name": "Mayan",
        "description": "Originating from Guatemala. This single origin is full bodied and bursting with flavour. Enjoy black for hints of Nougat and cocoa",
        "price": "10.49",
        "category": 2,
        "rating": "4.60",
        "image_url": "https://ae01.alicdn.com/kf/HTB16FJ9KFXXXXX6XFXXq6xXFXXXy/20X30cm-Wholesale-StandUp-Blank-brown-Zipper-Kraft-bag-Candy-Coffee-Tea-gift-Kraft-paper-bag-with.jpg",
        "image": "coffee_product.png"
    }
}, {
    "model": "products.product",
    "pk": 4,
    "fields": {
        "sku": "pp004",
        "name": "Parque",
        "description": "Originating from Guatemala. This single origin is a medium roast and full with flavour. Enjoy black for hints of tangerine and hazelnut or with milk for hints of cocoa. Delicious!",
        "price": "9.99",
        "category": 2,
        "rating": "4.80",
        "image_url": "https://ae01.alicdn.com/kf/HTB16FJ9KFXXXXX6XFXXq6xXFXXXy/20X30cm-Wholesale-StandUp-Blank-brown-Zipper-Kraft-bag-Candy-Coffee-Tea-gift-Kraft-paper-bag-with.jpg",
        "image": "coffee_product.png"
    }
}, {
    "model": "products.product",
    "pk": 5,
    "fields": {
        "sku": "pp005",
        "name": "Jose",
        "description": "Originating from Costa Rica. This single origin is a medium roast and full of flavour. Enjoy black for hints of zucchini or with milk for hints of cocoa and blackberry. Yum!",
        "price": "10.99",
        "category": 3,
        "rating": "4.90",
        "image_url": "https://ae01.alicdn.com/kf/HTB16FJ9KFXXXXX6XFXXq6xXFXXXy/20X30cm-Wholesale-StandUp-Blank-brown-Zipper-Kraft-bag-Candy-Coffee-Tea-gift-Kraft-paper-bag-with.jpg",
        "image": "coffee_product.png"
    }
}, {
    "model": "products.product",
    "pk": 6,
    "fields": {
        "sku": "pp006",
        "name": "Cartago",
        "description": "Originating from Costa Rica. This single origin is a dark roast and packed with flavour. Enjoy black for hints of cocoa or with milk for hints of cocoa and vanilla.",
        "price": "11.99",
        "category": 3,
        "rating": "4.70",
        "image_url": "https://ae01.alicdn.com/kf/HTB16FJ9KFXXXXX6XFXXq6xXFXXXy/20X30cm-Wholesale-StandUp-Blank-brown-Zipper-Kraft-bag-Candy-Coffee-Tea-gift-Kraft-paper-bag-with.jpg",
        "image": "coffee_product.png"
    }
}, {
    "model": "products.product",
    "pk": 10,
    "fields": {
        "sku": "pp010",
        "name": "Reusable Cup (Bamboo)",
        "description": "",
        "price": "8.99",
        "category": 4,
        "rating": "4.20",
        "image_url": "https://cdn.shopify.com/s/files/1/0196/2708/1828/products/Nought_bamboo_reusable_coffee_cup_with_lid_900x.jpg?v=1566416632",
        "image": "bamboo_cup.png"
    }
}, {
    "model": "products.product",
    "pk": 11,
    "fields": {
        "sku": "pp011",
        "name": "KeepCup Glass 12oz",
        "description": "Reusable cup for all your coffee needs",
        "price": "19.99",
        "category": 4,
        "rating": "4.30",
        "image_url": "https://cdn.shopify.com/s/files/1/0578/3420/9434/products/ShopifyProductPicture_12_1200x1200.jpg?v=1642756734",
        "image": "keep_cup.png"
    }
}, {
    "model": "products.product",
    "pk": 12,
    "fields": {
        "sku": "pp012",
        "name": "Sage Barista Touch",
        "description": "The all in one coffee machine for enthusiasts",
        "price": "949.00",
        "category": 5,
        "rating": "4.00",
        "image_url": "https://www.sageappliances.com/content/dam/sage/uk/assets/espresso/finished-goods/bes880/ses880bss2guk1/images/pdp0.jpg.transform/breville-lrg/image.jpg",
        "image": "sagebaristatouch.png"
    }
}, {
    "model": "products.product",
    "pk": 14,
    "fields": {
        "sku": "123543221",
        "name": "Zorba",
        "description": "Zorba is awesomeeee",
        "price": "12.99",
        "category": 3,
        "rating": "4.60",
        "image_url": "https://ae01.alicdn.com/kf/HTB16FJ9KFXXXXX6XFXXq6xXFXXXy/20X30cm-Wholesale-StandUp-Blank-brown-Zipper-Kraft-bag-Candy-Coffee-Tea-gift-Kraft-paper-bag-with.jpg",
        "image": "coffee_product_4Ae4PsT.png"
    }
}, {
    "model": "products.product",
    "pk": 15,
    "fields": {
        "sku": "64124345246",
        "name": "Dela",
        "description": "Dela is a single origin and pumped full of goodness",
        "price": "13.99",
        "category": 3,
        "rating": "4.40",
        "image_url": "https://ae01.alicdn.com/kf/HTB16FJ9KFXXXXX6XFXXq6xXFXXXy/20X30cm-Wholesale-StandUp-Blank-brown-Zipper-Kraft-bag-Candy-Coffee-Tea-gift-Kraft-paper-bag-with.jpg",
        "image": "coffee_product_8H2RsWI.png"
    }
}, {
    "model": "products.product",
    "pk": 16,
    "fields": {
        "sku": "35636",
        "name": "Zilla",
        "description": "Zilla is a Blend",
        "price": "13.49",
        "category": 1,
        "rating": "4.60",
        "image_url": "https://ae01.alicdn.com/kf/HTB16FJ9KFXXXXX6XFXXq6xXFXXXy/20X30cm-Wholesale-StandUp-Blank-brown-Zipper-Kraft-bag-Candy-Coffee-Tea-gift-Kraft-paper-bag-with.jpg",
        "image": "coffee_product_C1C40ON.png"
    }
}, {
    "model": "products.product",
    "pk": 17,
    "fields": {
        "sku": "PP134212",
        "name": "Zondarico",
        "description": "A strong black with hints of Mint and cocoa",
        "price": "15.00",
        "category": 3,
        "rating": "3.90",
        "image_url": "https://ae01.alicdn.com/kf/HTB16FJ9KFXXXXX6XFXXq6xXFXXXy/20X30cm-Wholesale-StandUp-Blank-brown-Zipper-Kraft-bag-Candy-Coffee-Tea-gift-Kraft-paper-bag-with.jpg",
        "image": "coffee_product_6Hu6uLR.png"
    }
}, {
    "model": "checkout.order",
    "pk": 1,
    "fields": {
        "user_account": null,
        "stripe_pid": "",
        "order_number": "5C8F0FF235594643999A5CFD2951EB6C",
        "email": "someone@someone.com",
        "full_name": "Josh",
        "phone_number": "02345123456",
        "address_line_one": "139 Tangier",
        "address_line_two": null,
        "city": "Ports",
        "county": null,
        "postcode": null,
        "country": "Engo",
        "date": "2022-05-21T18:13:47.176Z",
        "delivery": "0.00",
        "total": "0.00",
        "grand_total": "0.00"
    }
}, {
    "model": "checkout.order",
    "pk": 2,
    "fields": {
        "user_account": null,
        "stripe_pid": "",
        "order_number": "4C80B7CEE5F946B78F14023DAE0E144D",
        "email": "someone@someone.com",
        "full_name": "Josh",
        "phone_number": "02345123456",
        "address_line_one": "139 Tangier",
        "address_line_two": null,
        "city": "Ports",
        "county": null,
        "postcode": null,
        "country": "Engo",
        "date": "2022-05-21T18:37:33.468Z",
        "delivery": "2.00",
        "total": "19.98",
        "grand_total": "21.98"
    }
}, {
    "model": "checkout.order",
    "pk": 3,
    "fields": {
        "user_account": null,
        "stripe_pid": "",
        "order_number": "F11446E4EF7A44B2B541FD38F9A2C54B",
        "email": "someone@someone.com",
        "full_name": "Josh",
        "phone_number": "02345123456",
        "address_line_one": "139 Tangier",
        "address_line_two": null,
        "city": "Ports",
        "county": null,
        "postcode": null,
        "country": "Engo",
        "date": "2022-05-21T18:37:43.212Z",
        "delivery": "2.00",
        "total": "19.98",
        "grand_total": "21.98"
    }
}, {
    "model": "checkout.order",
    "pk": 4,
    "fields": {
        "user_account": null,
        "stripe_pid": "",
        "order_number": "F27ACCCCDCC4440F9045AB79A09A6876",
        "email": "joshrcal89@gmail.com",
        "full_name": "Josh Callaway",
        "phone_number": "02345123456",
        "address_line_one": "139 Tangier Road",
        "address_line_two": "Copnor",
        "city": "Portsmouth",
        "county": "Hants",
        "postcode": "sdfdafsdf",
        "country": "England",
        "date": "2022-05-21T18:44:36.322Z",
        "delivery": "2.00",
        "total": "19.98",
        "grand_total": "21.98"
    }
}, {
    "model": "checkout.order",
    "pk": 5,
    "fields": {
        "user_account": null,
        "stripe_pid": "",
        "order_number": "0950CD53CE1C4E909A78230FC6CD53AB",
        "email": "joshrcal89@gmail.com",
        "full_name": "Josh Callaway",
        "phone_number": "02345123456",
        "address_line_one": "139 Tangier Road",
        "address_line_two": "Copnor",
        "city": "Portsmouth",
        "county": "Hants",
        "postcode": "sdfdafsdf",
        "country": "England",
        "date": "2022-05-21T18:45:56.374Z",
        "delivery": "2.00",
        "total": "19.98",
        "grand_total": "21.98"
    }
}, {
    "model": "checkout.order",
    "pk": 6,
    "fields": {
        "user_account": null,
        "stripe_pid": "",
        "order_number": "988A668BF3ED4E1F80762D00F99213E3",
        "email": "joshrcal89@gmail.com",
        "full_name": "Josh Callaway",
        "phone_number": "02345123456",
        "address_line_one": "139 Tangier Road",
        "address_line_two": "Copnor",
        "city": "Portsmouth",
        "county": "Hants",
        "postcode": "sdfdafsdf",
        "country": "England",
        "date": "2022-05-21T18:47:43.227Z",
        "delivery": "2.00",
        "total": "19.98",
        "grand_total": "21.98"
    }
}, {
    "model": "checkout.order",
    "pk": 7,
    "fields": {
        "user_account": null,
        "stripe_pid": "",
        "order_number": "7E5BF6EEE59B417AA52D572F78EDE004",
        "email": "joshrcal89@gmail.com",
        "full_name": "Josh Callaway",
        "phone_number": "02345123456",
        "address_line_one": "139 Tangier",
        "address_line_two": "Coppo",
        "city": "Ports",
        "county": "Hanto",
        "postcode": "PO36PD",
        "country": "Engo",
        "date": "2022-05-21T19:48:15.581Z",
        "delivery": "0.90",
        "total": "8.99",
        "grand_total": "9.89"
    }
}, {
    "model": "checkout.order",
    "pk": 8,
    "fields": {
        "user_account": null,
        "stripe_pid": "",
        "order_number": "07ADB75AC87A406CA4C7C382C0D735F9",
        "email": "someone@someone.com",
        "full_name": "Natalie Callaway",
        "phone_number": "02345123456",
        "address_line_one": "113sdfvda",
        "address_line_two": "sfga",
        "city": "asfgasf",
        "county": "fgasfs",
        "postcode": "afsgfsv",
        "country": "asfvafv",
        "date": "2022-05-21T19:50:14.893Z",
        "delivery": "0.00",
        "total": "5694.00",
        "grand_total": "5694.00"
    }
}, {
    "model": "checkout.order",
    "pk": 9,
    "fields": {
        "user_account": null,
        "stripe_pid": "",
        "order_number": "BF84A419982A4728BB56F533458C760B",
        "email": "joshrcal89@gmail.com",
        "full_name": "Joshua Callaway",
        "phone_number": "02392 673705",
        "address_line_one": "139 Tangier Road",
        "address_line_two": "Copnor",
        "city": "Portsmouth",
        "county": "Hants",
        "postcode": "PO3 6PD",
        "country": "England",
        "date": "2022-05-21T20:18:34.143Z",
        "delivery": "0.00",
        "total": "51.96",
        "grand_total": "51.96"
    }
}, {
    "model": "checkout.order",
    "pk": 10,
    "fields": {
        "user_account": null,
        "stripe_pid": "",
        "order_number": "297931A2588645FFA5D8DD3BAF598D7B",
        "email": "someone@someone.com",
        "full_name": "Josh Callaway",
        "phone_number": "02345123456",
        "address_line_one": "139 Tangier Road",
        "address_line_two": "Coppo",
        "city": "Portsmouth",
        "county": "Hanto",
        "postcode": "PO36PD",
        "country": "England",
        "date": "2022-05-22T12:09:54.246Z",
        "delivery": "0.00",
        "total": "996.96",
        "grand_total": "996.96"
    }
}, {
    "model": "checkout.order",
    "pk": 11,
    "fields": {
        "user_account": null,
        "stripe_pid": "",
        "order_number": "F2B500FF256B4CAE978229B4170167CD",
        "email": "someone@someone.com",
        "full_name": "Josh Callaway",
        "phone_number": "02345123456",
        "address_line_one": "139 Tangier",
        "address_line_two": "Coppo",
        "city": "Ports",
        "county": "Hanto",
        "postcode": "PO36PD",
        "country": "Engo",
        "date": "2022-05-22T12:49:30.465Z",
        "delivery": "3.60",
        "total": "35.96",
        "grand_total": "39.56"
    }
}, {
    "model": "checkout.order",
    "pk": 12,
    "fields": {
        "user_account": null,
        "stripe_pid": "",
        "order_number": "3FCE399E01E54859B6F9438E5BC55262",
        "email": "joshrcal89@gmail.com",
        "full_name": "Josh Callaway",
        "phone_number": "02345123456",
        "address_line_one": "139 Tangier",
        "address_line_two": "Coppo",
        "city": "Ports",
        "county": "Hanto",
        "postcode": "PO36PD",
        "country": "Engo",
        "date": "2022-05-22T14:34:13.444Z",
        "delivery": "0.90",
        "total": "8.99",
        "grand_total": "9.89"
    }
}, {
    "model": "checkout.order",
    "pk": 13,
    "fields": {
        "user_account": null,
        "stripe_pid": "",
        "order_number": "13B16DCA950C46949A34FA3055F3E4B7",
        "email": "joshrcal89@gmail.com",
        "full_name": "Josh Callaway",
        "phone_number": "02345123456",
        "address_line_one": "139 Tangier Road",
        "address_line_two": "Copnor",
        "city": "Portsmouth",
        "county": "Hants",
        "postcode": "PO36PD",
        "country": "EG",
        "date": "2022-05-22T14:44:26.084Z",
        "delivery": "1.80",
        "total": "17.98",
        "grand_total": "19.78"
    }
}, {
    "model": "checkout.order",
    "pk": 14,
    "fields": {
        "user_account": null,
        "stripe_pid": "",
        "order_number": "6930D053439F433084D0ABD08E0C3F18",
        "email": "joshrcal89@gmail.com",
        "full_name": "Josh Callaway",
        "phone_number": "02345123456",
        "address_line_one": "139 Tangier Road",
        "address_line_two": "Copnor",
        "city": "Portsmouth",
        "county": "Hanto",
        "postcode": "PO3 6PD",
        "country": "GB",
        "date": "2022-05-22T15:09:19.016Z",
        "delivery": "0.00",
        "total": "86.94",
        "grand_total": "86.94"
    }
}, {
    "model": "checkout.order",
    "pk": 15,
    "fields": {
        "user_account": null,
        "stripe_pid": "",
        "order_number": "C3554A53DDAA49BBACE340398EA187DB",
        "email": "joshrcal89@gmail.com",
        "full_name": "Josh Callaway",
        "phone_number": "02345123456",
        "address_line_one": "139 Tangier",
        "address_line_two": "Coppo",
        "city": "Portsmouth",
        "county": "Hanto",
        "postcode": "PO3 6PD",
        "country": "GB",
        "date": "2022-05-22T15:20:09.402Z",
        "delivery": "2.70",
        "total": "26.97",
        "grand_total": "29.67"
    }
}, {
    "model": "checkout.order",
    "pk": 16,
    "fields": {
        "user_account": null,
        "stripe_pid": "",
        "order_number": "C8DD184DEA944678A190E45EC20D5171",
        "email": "joshrcal89@gmail.com",
        "full_name": "Josh Callaway",
        "phone_number": "02345123456",
        "address_line_one": "139 Tangier Road",
        "address_line_two": "Coppo",
        "city": "Portsmouth",
        "county": "Hants",
        "postcode": "PO3 6PD",
        "country": "GB",
        "date": "2022-05-22T15:31:29.766Z",
        "delivery": "2.70",
        "total": "26.97",
        "grand_total": "29.67"
    }
}, {
    "model": "checkout.order",
    "pk": 17,
    "fields": {
        "user_account": null,
        "stripe_pid": "",
        "order_number": "9C8663A255064F12965915ABBBB80433",
        "email": "joshrcal89@gmail.com",
        "full_name": "Josh Callaway",
        "phone_number": "02345123456",
        "address_line_one": "139 Tangier Road",
        "address_line_two": "Copnor",
        "city": "Portsmouth",
        "county": "Hants",
        "postcode": "PO36PD",
        "country": "GB",
        "date": "2022-05-22T15:36:01.690Z",
        "delivery": "0.90",
        "total": "8.99",
        "grand_total": "9.89"
    }
}, {
    "model": "checkout.order",
    "pk": 18,
    "fields": {
        "user_account": null,
        "stripe_pid": "",
        "order_number": "417967A026D24A689420A3D7DDD80F7E",
        "email": "joshrcal89@gmail.com",
        "full_name": "Josh Callaway",
        "phone_number": "02345123456",
        "address_line_one": "139 Tangier Road",
        "address_line_two": "Copnor",
        "city": "Portsmouth",
        "county": "Hants",
        "postcode": "PO3 6PD",
        "country": "GB",
        "date": "2022-05-22T15:50:06.597Z",
        "delivery": "2.10",
        "total": "20.98",
        "grand_total": "23.08"
    }
}, {
    "model": "checkout.order",
    "pk": 19,
    "fields": {
        "user_account": null,
        "stripe_pid": "",
        "order_number": "F978F75A7B6B4369A53757FA3E7930FF",
        "email": "joshrcal89@gmail.com",
        "full_name": "Josh Callaway",
        "phone_number": "02345123456",
        "address_line_one": "139 Tangier Road",
        "address_line_two": "Copnor",
        "city": "Portsmouth",
        "county": "Hants",
        "postcode": "PO36PD",
        "country": "GB",
        "date": "2022-05-22T16:52:40.226Z",
        "delivery": "3.60",
        "total": "35.96",
        "grand_total": "39.56"
    }
}, {
    "model": "checkout.order",
    "pk": 20,
    "fields": {
        "user_account": null,
        "stripe_pid": "",
        "order_number": "26E902D71B7942409714ED52FC566DCE",
        "email": "joshrcal89@gmail.com",
        "full_name": "Josh Callaway",
        "phone_number": "02345123456",
        "address_line_one": "139 Tangier Road",
        "address_line_two": "Copnor",
        "city": "Portsmouth",
        "county": "Hants",
        "postcode": "PO3 6PD",
        "country": "GB",
        "date": "2022-05-23T19:45:03.878Z",
        "delivery": "0.90",
        "total": "8.99",
        "grand_total": "9.89"
    }
}, {
    "model": "checkout.order",
    "pk": 21,
    "fields": {
        "user_account": null,
        "stripe_pid": "",
        "order_number": "7964C730836D4B7AA65DAC29D470822E",
        "email": "joshrcal89@gmail.com",
        "full_name": "Josh Callaway",
        "phone_number": "02345123456",
        "address_line_one": "139 Tangier Road",
        "address_line_two": "Copnor",
        "city": "Portsmouth",
        "county": "Hants",
        "postcode": "PO36PD",
        "country": "GB",
        "date": "2022-05-23T19:58:40.803Z",
        "delivery": "3.80",
        "total": "37.97",
        "grand_total": "41.77"
    }
}, {
    "model": "checkout.order",
    "pk": 22,
    "fields": {
        "user_account": 2,
        "stripe_pid": "",
        "order_number": "7C0E7D7D40304AF8974E8D9AD2F2A05F",
        "email": "joshrcal89@gmail.com",
        "full_name": "Josh Callaway",
        "phone_number": "02345123456",
        "address_line_one": "139 Tangier Road",
        "address_line_two": "Copnor",
        "city": "Portsmouth",
        "county": "Hants",
        "postcode": "PO3 6PD",
        "country": "GB",
        "date": "2022-05-23T20:48:16.252Z",
        "delivery": "1.80",
        "total": "17.98",
        "grand_total": "19.78"
    }
}, {
    "model": "checkout.order",
    "pk": 23,
    "fields": {
        "user_account": 2,
        "stripe_pid": "",
        "order_number": "FE8426EF23BE4549826252A008999DF2",
        "email": "joshrcal89@gmail.com",
        "full_name": "Josh Callaway",
        "phone_number": "12123123",
        "address_line_one": "139 Tangier Road",
        "address_line_two": "Copnor",
        "city": "Portsmouth",
        "county": "Hants",
        "postcode": "PO3 6PD",
        "country": "GB",
        "date": "2022-05-23T20:52:41.353Z",
        "delivery": "0.00",
        "total": "0.00",
        "grand_total": "0.00"
    }
}, {
    "model": "checkout.order",
    "pk": 24,
    "fields": {
        "user_account": 2,
        "stripe_pid": "",
        "order_number": "EB4E800FEF344C458B66229BF3BD6323",
        "email": "joshrcal89@gmail.com",
        "full_name": "Josh Callaway",
        "phone_number": "02392 673705",
        "address_line_one": "139 Tangier Road",
        "address_line_two": "Copnor",
        "city": "Portsmouth",
        "county": "Hants",
        "postcode": "PO3 6PD",
        "country": "GB",
        "date": "2022-05-24T19:11:06.961Z",
        "delivery": "0.90",
        "total": "8.99",
        "grand_total": "9.89"
    }
}, {
    "model": "checkout.order",
    "pk": 25,
    "fields": {
        "user_account": 2,
        "stripe_pid": "",
        "order_number": "97E795C13A4C494E9BF6D2F53E8C0B27",
        "email": "joshrcal89@gmail.com",
        "full_name": "Josh Callaway",
        "phone_number": "02392 673705",
        "address_line_one": "139 Tangier Road",
        "address_line_two": "Copnor",
        "city": "Portsmouth",
        "county": "Hants",
        "postcode": "PO3 6PD",
        "country": "GB",
        "date": "2022-05-24T19:44:39.821Z",
        "delivery": "1.05",
        "total": "10.49",
        "grand_total": "11.54"
    }
}, {
    "model": "checkout.order",
    "pk": 26,
    "fields": {
        "user_account": 2,
        "stripe_pid": "",
        "order_number": "363D0A32269743DF9BC326BEC313BC38",
        "email": "joshrcal89@gmail.com",
        "full_name": "Joshy Callaway",
        "phone_number": "02392 673705",
        "address_line_one": "139 Tangier",
        "address_line_two": "Copnor",
        "city": "Portsmouth",
        "county": "Hants",
        "postcode": "PO3 6PD",
        "country": "GB",
        "date": "2022-05-24T19:45:22.670Z",
        "delivery": "0.00",
        "total": "0.00",
        "grand_total": "0.00"
    }
}, {
    "model": "checkout.order",
    "pk": 27,
    "fields": {
        "user_account": 2,
        "stripe_pid": "",
        "order_number": "C81013A517F041FDB227DFD47DAE7691",
        "email": "joshrcal89@gmail.com",
        "full_name": "Josh Callaway",
        "phone_number": "02392 673705",
        "address_line_one": "139 Tangier",
        "address_line_two": "Copnor",
        "city": "Portsmouth",
        "county": "Hants",
        "postcode": "PO3 6PD",
        "country": "GB",
        "date": "2022-05-25T17:42:44.997Z",
        "delivery": "3.60",
        "total": "35.96",
        "grand_total": "39.56"
    }
}, {
    "model": "checkout.order",
    "pk": 28,
    "fields": {
        "user_account": 2,
        "stripe_pid": "",
        "order_number": "FD52E9FD61C043A5AE99A01890BEA314",
        "email": "joshrcal89@gmail.com",
        "full_name": "Josh Callaway",
        "phone_number": "02392 673705",
        "address_line_one": "139 Tangier",
        "address_line_two": "Copnor",
        "city": "Portsmouth",
        "county": "Hants",
        "postcode": "PO3 6PD",
        "country": "GB",
        "date": "2022-05-25T17:45:27.724Z",
        "delivery": "0.00",
        "total": "53.94",
        "grand_total": "53.94"
    }
}, {
    "model": "checkout.order",
    "pk": 29,
    "fields": {
        "user_account": 2,
        "stripe_pid": "",
        "order_number": "A393457B290B4B1BA3EFC0D5A38636CA",
        "email": "joshrcal89@gmail.com",
        "full_name": "Josh Callaway",
        "phone_number": "02392 673705",
        "address_line_one": "139 Tangier",
        "address_line_two": "Copnor",
        "city": "Portsmouth",
        "county": "Hants",
        "postcode": "PO3 6PD",
        "country": "GB",
        "date": "2022-05-25T17:51:42.211Z",
        "delivery": "4.50",
        "total": "44.95",
        "grand_total": "49.44"
    }
}, {
    "model": "checkout.order",
    "pk": 30,
    "fields": {
        "user_account": 2,
        "stripe_pid": "",
        "order_number": "02AC237673944DBBBDA3B4F3A8016DFA",
        "email": "joshrcal89@gmail.com",
        "full_name": "Josh Callaway",
        "phone_number": "02392 673705",
        "address_line_one": "139 Tangier",
        "address_line_two": "Copnor",
        "city": "Portsmouth",
        "county": "Hants",
        "postcode": "PO3 6PD",
        "country": "GB",
        "date": "2022-05-25T18:07:41.267Z",
        "delivery": "0.00",
        "total": "0.00",
        "grand_total": "0.00"
    }
}, {
    "model": "checkout.order",
    "pk": 31,
    "fields": {
        "user_account": 2,
        "stripe_pid": "",
        "order_number": "C2D5C93C80B040CE8F83A2A6E13AE134",
        "email": "joshrcal89@gmail.com",
        "full_name": "Josh Callaway",
        "phone_number": "02392 673705",
        "address_line_one": "139 Tangier",
        "address_line_two": "Copnor",
        "city": "Portsmouth",
        "county": "Hants",
        "postcode": "PO3 6PD",
        "country": "GB",
        "date": "2022-05-25T18:11:35.984Z",
        "delivery": "0.00",
        "total": "89.90",
        "grand_total": "89.90"
    }
}, {
    "model": "checkout.order",
    "pk": 32,
    "fields": {
        "user_account": 2,
        "stripe_pid": "",
        "order_number": "E79541903296446AB91D204E8DB7725E",
        "email": "someone@someone.com",
        "full_name": "Josh Callaway",
        "phone_number": "02392 673705",
        "address_line_one": "139 Tangier Road",
        "address_line_two": "Copnor",
        "city": "Portsmouth",
        "county": "Hants",
        "postcode": "PO3 6PD",
        "country": "GB",
        "date": "2022-05-25T18:15:07.945Z",
        "delivery": "0.00",
        "total": "53.94",
        "grand_total": "53.94"
    }
}, {
    "model": "checkout.order",
    "pk": 33,
    "fields": {
        "user_account": 2,
        "stripe_pid": "",
        "order_number": "F5D853D8CD81485B8B0B9AF53B3920A6",
        "email": "joshrcal89@gmail.com",
        "full_name": "Josh Callaway",
        "phone_number": "02392 673705",
        "address_line_one": "139 Tangier Road",
        "address_line_two": "Copnor",
        "city": "Portsmouth",
        "county": "Hants",
        "postcode": "PO3 6PD",
        "country": "GB",
        "date": "2022-05-25T18:23:57.244Z",
        "delivery": "3.60",
        "total": "35.96",
        "grand_total": "39.56"
    }
}, {
    "model": "checkout.order",
    "pk": 34,
    "fields": {
        "user_account": 2,
        "stripe_pid": "pi_3L3axSH5JQA1IaIS01b6OhxU",
        "order_number": "303B5D9AAADE4EB78CD64D6766629FAA",
        "email": "joshrcal89@gmail.com",
        "full_name": "Josh Callaway",
        "phone_number": "02392 673705",
        "address_line_one": "139 Tangier Road",
        "address_line_two": "Copnor",
        "city": "Portsmouth",
        "county": "Hants",
        "postcode": "PO3 6PD",
        "country": "GB",
        "date": "2022-05-26T07:18:22.784Z",
        "delivery": "2.70",
        "total": "26.97",
        "grand_total": "29.67"
    }
}, {
    "model": "checkout.order",
    "pk": 35,
    "fields": {
        "user_account": 2,
        "stripe_pid": "pi_3L3b5RH5JQA1IaIS1iJHrjJr",
        "order_number": "F218B16CB98E4E43A2826472F063EAE6",
        "email": "joshrcal89@gmail.com",
        "full_name": "Josh Callaway",
        "phone_number": "02392 673705",
        "address_line_one": "139 Tangier Road",
        "address_line_two": "Copnor",
        "city": "Portsmouth",
        "county": "Hants",
        "postcode": "PO3 6PD",
        "country": "GB",
        "date": "2022-05-26T07:26:37.881Z",
        "delivery": "0.00",
        "total": "80.91",
        "grand_total": "80.91"
    }
}, {
    "model": "checkout.order",
    "pk": 36,
    "fields": {
        "user_account": 2,
        "stripe_pid": "pi_3L3n3yH5JQA1IaIS05TLEHdp",
        "order_number": "BAA44B6292B8433693C38FD2DD084A24",
        "email": "joshrcal89@gmail.com",
        "full_name": "Josh Callaway",
        "phone_number": "02392 673705",
        "address_line_one": "139 Tangier Road",
        "address_line_two": "Copnor",
        "city": "Portsmouth",
        "county": "Hants",
        "postcode": "PO3 6PD",
        "country": "GB",
        "date": "2022-05-26T20:13:53.962Z",
        "delivery": "1.80",
        "total": "17.98",
        "grand_total": "19.78"
    }
}, {
    "model": "checkout.order",
    "pk": 37,
    "fields": {
        "user_account": 2,
        "stripe_pid": "pi_3L47TSH5JQA1IaIS1YbQVUPI",
        "order_number": "1BB36D57058B49E8867F1E834CC65DA7",
        "email": "joshrcal89@gmail.com",
        "full_name": "Josh Callaway",
        "phone_number": "02392 673705",
        "address_line_one": "139 Tangier Road",
        "address_line_two": "Copnor",
        "city": "Portsmouth",
        "county": "Hants",
        "postcode": "PO3 6PD",
        "country": "GB",
        "date": "2022-05-27T18:01:36.799Z",
        "delivery": "0.90",
        "total": "8.99",
        "grand_total": "9.89"
    }
}, {
    "model": "checkout.order",
    "pk": 38,
    "fields": {
        "user_account": 2,
        "stripe_pid": "pi_3L47fjH5JQA1IaIS0YJ1zy8A",
        "order_number": "9106C07555F6407EAA670621D0B5D526",
        "email": "joshrcal89@gmail.com",
        "full_name": "Josh Callaway",
        "phone_number": "02392 673705",
        "address_line_one": "139 Tangier Road",
        "address_line_two": "Copnor",
        "city": "Portsmouth",
        "county": "Hants",
        "postcode": "PO3 6PD",
        "country": "GB",
        "date": "2022-05-27T18:14:14.694Z",
        "delivery": "0.00",
        "total": "0.00",
        "grand_total": "0.00"
    }
}, {
    "model": "checkout.order",
    "pk": 39,
    "fields": {
        "user_account": 4,
        "stripe_pid": "pi_3L4QH4H5JQA1IaIS1fCdvYjC",
        "order_number": "B0CC6AC0B75C4B88BC9E104EA51E03BA",
        "email": "hello@fullstackjosh.com",
        "full_name": "Josh Callaway",
        "phone_number": "02392673705",
        "address_line_one": "139 Tangier Road",
        "address_line_two": "Copnor",
        "city": "Portsmouth",
        "county": "Hants",
        "postcode": "PO3 6PD",
        "country": "GB",
        "date": "2022-05-28T14:06:11.208Z",
        "delivery": "0.00",
        "total": "104.95",
        "grand_total": "104.95"
    }
}, {
    "model": "checkout.order",
    "pk": 40,
    "fields": {
        "user_account": 2,
        "stripe_pid": "pi_3L4RRzH5JQA1IaIS0RxjcP7G",
        "order_number": "173ADCA912BA41C7B8EE0501555459AE",
        "email": "joshrcal89@gmail.com",
        "full_name": "Josh Callaway",
        "phone_number": "02392 673705",
        "address_line_one": "139 Tangier Road",
        "address_line_two": "Copnor",
        "city": "Portsmouth",
        "county": "Hants",
        "postcode": "PO3 6PD",
        "country": "GB",
        "date": "2022-05-28T15:21:27.046Z",
        "delivery": "2.10",
        "total": "20.99",
        "grand_total": "23.09"
    }
}, {
    "model": "checkout.order",
    "pk": 41,
    "fields": {
        "user_account": 2,
        "stripe_pid": "pi_3L4RX1H5JQA1IaIS1nXiTh6N",
        "order_number": "F53A13F9D7DC43F79809317880F55A5E",
        "email": "joshrcal89@gmail.com",
        "full_name": "Josh Callaway",
        "phone_number": "02392 673705",
        "address_line_one": "139 Tangier Road",
        "address_line_two": "Copnor",
        "city": "Portsmouth",
        "county": "Hants",
        "postcode": "PO3 6PD",
        "country": "GB",
        "date": "2022-05-28T15:26:37.062Z",
        "delivery": "0.00",
        "total": "62.97",
        "grand_total": "62.97"
    }
}, {
    "model": "checkout.order",
    "pk": 42,
    "fields": {
        "user_account": 4,
        "stripe_pid": "pi_3L4Rg6H5JQA1IaIS0Npwxdip",
        "order_number": "0CCAB57AC7B848BC9A4BA6BAFC46CA72",
        "email": "hello@fullstackjosh.com",
        "full_name": "Josh Callaway",
        "phone_number": "02392673705",
        "address_line_one": "139 Tangier Road",
        "address_line_two": "Copnor",
        "city": "Portsmouth",
        "county": "Hants",
        "postcode": "PO3 6PD",
        "country": "GB",
        "date": "2022-05-28T15:36:04.198Z",
        "delivery": "2.10",
        "total": "20.99",
        "grand_total": "23.09"
    }
}, {
    "model": "checkout.order",
    "pk": 43,
    "fields": {
        "user_account": 4,
        "stripe_pid": "pi_3L4RimH5JQA1IaIS1jCQJAq1",
        "order_number": "5A19FBCF145D42A59E2B5229D48D8332",
        "email": "hello@fullstackjosh.com",
        "full_name": "Josh Callaway",
        "phone_number": "02392673705",
        "address_line_one": "139 Tangier Road",
        "address_line_two": "Copnor",
        "city": "Portsmouth",
        "county": "Hants",
        "postcode": "PO3 6PD",
        "country": "GB",
        "date": "2022-05-28T15:38:45.331Z",
        "delivery": "2.70",
        "total": "26.98",
        "grand_total": "29.68"
    }
}, {
    "model": "checkout.order",
    "pk": 44,
    "fields": {
        "user_account": null,
        "stripe_pid": "pi_3L4Ro7H5JQA1IaIS1IZLGx6h",
        "order_number": "0D56B457FA5D42FDB38BA856DDCCE90A",
        "email": "someone@someone.com",
        "full_name": "Josh Callaway",
        "phone_number": "07850476884",
        "address_line_one": "139 Tangier Road",
        "address_line_two": "Copnor",
        "city": "Portsmouth",
        "county": "Hanto",
        "postcode": "PO3 6PD",
        "country": "GB",
        "date": "2022-05-28T15:44:34.529Z",
        "delivery": "0.00",
        "total": "53.96",
        "grand_total": "53.96"
    }
}, {
    "model": "checkout.order",
    "pk": 45,
    "fields": {
        "user_account": null,
        "stripe_pid": "pi_3L4RrlH5JQA1IaIS1V15mkUd",
        "order_number": "4F956CBC5B38415F9EF431D4344594B1",
        "email": "ronnie@something.com",
        "full_name": "Ronnie Bowen",
        "phone_number": "02392 673705",
        "address_line_one": "321 Poo street",
        "address_line_two": "Pooville",
        "city": "Southampton",
        "county": "Hants",
        "postcode": "SO12 2RE",
        "country": "GB",
        "date": "2022-05-28T15:48:55.431Z",
        "delivery": "3.00",
        "total": "29.97",
        "grand_total": "32.97"
    }
}, {
    "model": "checkout.order",
    "pk": 46,
    "fields": {
        "user_account": 2,
        "stripe_pid": "pi_3L4SJ9H5JQA1IaIS0BYYvIxe",
        "order_number": "C6C3B499070F43FFBF63FE5A648AAC8C",
        "email": "joshrcal89@gmail.com",
        "full_name": "Josh Callaway",
        "phone_number": "02392 673705",
        "address_line_one": "139 Tangier Road",
        "address_line_two": "Copnor",
        "city": "Portsmouth",
        "county": "Hants",
        "postcode": "PO3 6PD",
        "country": "GB",
        "date": "2022-05-28T16:16:17.989Z",
        "delivery": "0.00",
        "total": "83.96",
        "grand_total": "83.96"
    }
}, {
    "model": "checkout.order",
    "pk": 47,
    "fields": {
        "user_account": 5,
        "stripe_pid": "pi_3L4VMiH5JQA1IaIS1kVVT9EK",
        "order_number": "99302352BFEB47F1802BE983648E19E7",
        "email": "nat-kelly@outlook.com",
        "full_name": "Nat Callaway",
        "phone_number": "07850476884",
        "address_line_one": "139 Tangier Road",
        "address_line_two": "Copnor",
        "city": "Portsmouth",
        "county": "Hants",
        "postcode": "PO3 6PD",
        "country": "GB",
        "date": "2022-05-28T19:33:36.759Z",
        "delivery": "0.00",
        "total": "55.98",
        "grand_total": "55.98"
    }
}, {
    "model": "checkout.order",
    "pk": 48,
    "fields": {
        "user_account": 6,
        "stripe_pid": "pi_3L4VXAH5JQA1IaIS1RSn8F3T",
        "order_number": "EDDD61621F1A4BC1B364FA6B38FF1DCC",
        "email": "joshrcal@hotmail.co.uk",
        "full_name": "Josh Callaway",
        "phone_number": "02392673705",
        "address_line_one": "139 Tangier Road",
        "address_line_two": "Copnor",
        "city": "Portsmouth",
        "county": "Hampshire",
        "postcode": "PO3 6PD",
        "country": "GB",
        "date": "2022-05-28T19:43:06.746Z",
        "delivery": "4.80",
        "total": "47.97",
        "grand_total": "52.77"
    }
}, {
    "model": "checkout.order",
    "pk": 49,
    "fields": {
        "user_account": 6,
        "stripe_pid": "pi_3L4VYfH5JQA1IaIS0vcWDSJP",
        "order_number": "94264ED43C4C4E7A89D5579AFAE30835",
        "email": "joshrcal@hotmail.co.uk",
        "full_name": "Josh Callaway",
        "phone_number": "02392673705",
        "address_line_one": "139 Tangier Road",
        "address_line_two": "Copnor",
        "city": "Portsmouth",
        "county": "Hampshire",
        "postcode": "PO3 6PD",
        "country": "GB",
        "date": "2022-05-28T19:44:33.799Z",
        "delivery": "4.20",
        "total": "41.96",
        "grand_total": "46.16"
    }
}, {
    "model": "checkout.order",
    "pk": 50,
    "fields": {
        "user_account": 5,
        "stripe_pid": "pi_3L4pNLH5JQA1IaIS0Zb1mGGo",
        "order_number": "34528C848809483A96B17BF7E677F95D",
        "email": "nat-kelly@outlook.com",
        "full_name": "Nat Callaway",
        "phone_number": "07850476884",
        "address_line_one": "139 Tangier Road",
        "address_line_two": "Copnor",
        "city": "Portsmouth",
        "county": "Hants",
        "postcode": "PO3 6PD",
        "country": "GB",
        "date": "2022-05-29T16:54:13.877Z",
        "delivery": "0.00",
        "total": "167.92",
        "grand_total": "167.92"
    }
}, {
    "model": "checkout.order",
    "pk": 51,
    "fields": {
        "user_account": 5,
        "stripe_pid": "pi_3L4pOMH5JQA1IaIS0Md9SelJ",
        "order_number": "241B6D34C751446DBB0D8D8974F2E649",
        "email": "nat-kelly@outlook.com",
        "full_name": "Nat Callaway",
        "phone_number": "07850476884",
        "address_line_one": "139 Tangier Road",
        "address_line_two": "Copnor",
        "city": "Portsmouth",
        "county": "Hants",
        "postcode": "PO3 6PD",
        "country": "GB",
        "date": "2022-05-29T16:55:14.977Z",
        "delivery": "0.00",
        "total": "104.95",
        "grand_total": "104.95"
    }
}, {
    "model": "checkout.order",
    "pk": 52,
    "fields": {
        "user_account": 7,
        "stripe_pid": "pi_3L4psRH5JQA1IaIS1ysKA4Qf",
        "order_number": "945FFC07019F4BAAAC8BF1D0609142AC",
        "email": "someone@someone.com",
        "full_name": "someone",
        "phone_number": "07850476884",
        "address_line_one": "139 Tangier Road",
        "address_line_two": "Copnor",
        "city": "Portsmouth",
        "county": "Hants",
        "postcode": "PO3 6PD",
        "country": "GB",
        "date": "2022-05-29T17:26:32.585Z",
        "delivery": "0.00",
        "total": "949.00",
        "grand_total": "949.00"
    }
}, {
    "model": "checkout.orderitem",
    "pk": 1,
    "fields": {
        "order": 1,
        "product": 1,
        "order_item_total": "8.99",
        "quantity": 1
    }
}, {
    "model": "checkout.orderitem",
    "pk": 2,
    "fields": {
        "order": 2,
        "product": 1,
        "order_item_total": "8.99",
        "quantity": 1
    }
}, {
    "model": "checkout.orderitem",
    "pk": 3,
    "fields": {
        "order": 2,
        "product": 5,
        "order_item_total": "10.99",
        "quantity": 1
    }
}, {
    "model": "checkout.orderitem",
    "pk": 4,
    "fields": {
        "order": 3,
        "product": 1,
        "order_item_total": "8.99",
        "quantity": 1
    }
}, {
    "model": "checkout.orderitem",
    "pk": 5,
    "fields": {
        "order": 3,
        "product": 5,
        "order_item_total": "10.99",
        "quantity": 1
    }
}, {
    "model": "checkout.orderitem",
    "pk": 6,
    "fields": {
        "order": 4,
        "product": 1,
        "order_item_total": "8.99",
        "quantity": 1
    }
}, {
    "model": "checkout.orderitem",
    "pk": 7,
    "fields": {
        "order": 4,
        "product": 5,
        "order_item_total": "10.99",
        "quantity": 1
    }
}, {
    "model": "checkout.orderitem",
    "pk": 8,
    "fields": {
        "order": 5,
        "product": 1,
        "order_item_total": "8.99",
        "quantity": 1
    }
}, {
    "model": "checkout.orderitem",
    "pk": 9,
    "fields": {
        "order": 5,
        "product": 5,
        "order_item_total": "10.99",
        "quantity": 1
    }
}, {
    "model": "checkout.orderitem",
    "pk": 10,
    "fields": {
        "order": 6,
        "product": 1,
        "order_item_total": "8.99",
        "quantity": 1
    }
}, {
    "model": "checkout.orderitem",
    "pk": 11,
    "fields": {
        "order": 6,
        "product": 5,
        "order_item_total": "10.99",
        "quantity": 1
    }
}, {
    "model": "checkout.orderitem",
    "pk": 12,
    "fields": {
        "order": 7,
        "product": 1,
        "order_item_total": "8.99",
        "quantity": 1
    }
}, {
    "model": "checkout.orderitem",
    "pk": 14,
    "fields": {
        "order": 8,
        "product": 12,
        "order_item_total": "5694.00",
        "quantity": 6
    }
}, {
    "model": "checkout.orderitem",
    "pk": 16,
    "fields": {
        "order": 9,
        "product": 5,
        "order_item_total": "10.99",
        "quantity": 1
    }
}, {
    "model": "checkout.orderitem",
    "pk": 17,
    "fields": {
        "order": 9,
        "product": 11,
        "order_item_total": "19.99",
        "quantity": 1
    }
}, {
    "model": "checkout.orderitem",
    "pk": 18,
    "fields": {
        "order": 9,
        "product": 3,
        "order_item_total": "20.98",
        "quantity": 2
    }
}, {
    "model": "checkout.orderitem",
    "pk": 19,
    "fields": {
        "order": 10,
        "product": 1,
        "order_item_total": "17.98",
        "quantity": 2
    }
}, {
    "model": "checkout.orderitem",
    "pk": 20,
    "fields": {
        "order": 10,
        "product": 4,
        "order_item_total": "9.99",
        "quantity": 1
    }
}, {
    "model": "checkout.orderitem",
    "pk": 22,
    "fields": {
        "order": 10,
        "product": 12,
        "order_item_total": "949.00",
        "quantity": 1
    }
}, {
    "model": "checkout.orderitem",
    "pk": 23,
    "fields": {
        "order": 10,
        "product": 11,
        "order_item_total": "19.99",
        "quantity": 1
    }
}, {
    "model": "checkout.orderitem",
    "pk": 24,
    "fields": {
        "order": 11,
        "product": 1,
        "order_item_total": "35.96",
        "quantity": 4
    }
}, {
    "model": "checkout.orderitem",
    "pk": 25,
    "fields": {
        "order": 12,
        "product": 1,
        "order_item_total": "8.99",
        "quantity": 1
    }
}, {
    "model": "checkout.orderitem",
    "pk": 27,
    "fields": {
        "order": 13,
        "product": 1,
        "order_item_total": "17.98",
        "quantity": 2
    }
}, {
    "model": "checkout.orderitem",
    "pk": 28,
    "fields": {
        "order": 14,
        "product": 1,
        "order_item_total": "26.97",
        "quantity": 3
    }
}, {
    "model": "checkout.orderitem",
    "pk": 29,
    "fields": {
        "order": 14,
        "product": 11,
        "order_item_total": "59.97",
        "quantity": 3
    }
}, {
    "model": "checkout.orderitem",
    "pk": 30,
    "fields": {
        "order": 15,
        "product": 1,
        "order_item_total": "26.97",
        "quantity": 3
    }
}, {
    "model": "checkout.orderitem",
    "pk": 31,
    "fields": {
        "order": 16,
        "product": 1,
        "order_item_total": "26.97",
        "quantity": 3
    }
}, {
    "model": "checkout.orderitem",
    "pk": 32,
    "fields": {
        "order": 17,
        "product": 1,
        "order_item_total": "8.99",
        "quantity": 1
    }
}, {
    "model": "checkout.orderitem",
    "pk": 33,
    "fields": {
        "order": 18,
        "product": 3,
        "order_item_total": "20.98",
        "quantity": 2
    }
}, {
    "model": "checkout.orderitem",
    "pk": 34,
    "fields": {
        "order": 19,
        "product": 1,
        "order_item_total": "35.96",
        "quantity": 4
    }
}, {
    "model": "checkout.orderitem",
    "pk": 35,
    "fields": {
        "order": 20,
        "product": 1,
        "order_item_total": "8.99",
        "quantity": 1
    }
}, {
    "model": "checkout.orderitem",
    "pk": 36,
    "fields": {
        "order": 21,
        "product": 1,
        "order_item_total": "17.98",
        "quantity": 2
    }
}, {
    "model": "checkout.orderitem",
    "pk": 37,
    "fields": {
        "order": 21,
        "product": 11,
        "order_item_total": "19.99",
        "quantity": 1
    }
}, {
    "model": "checkout.orderitem",
    "pk": 38,
    "fields": {
        "order": 22,
        "product": 1,
        "order_item_total": "17.98",
        "quantity": 2
    }
}, {
    "model": "checkout.orderitem",
    "pk": 40,
    "fields": {
        "order": 24,
        "product": 1,
        "order_item_total": "8.99",
        "quantity": 1
    }
}, {
    "model": "checkout.orderitem",
    "pk": 41,
    "fields": {
        "order": 25,
        "product": 3,
        "order_item_total": "10.49",
        "quantity": 1
    }
}, {
    "model": "checkout.orderitem",
    "pk": 43,
    "fields": {
        "order": 27,
        "product": 1,
        "order_item_total": "35.96",
        "quantity": 4
    }
}, {
    "model": "checkout.orderitem",
    "pk": 44,
    "fields": {
        "order": 28,
        "product": 1,
        "order_item_total": "53.94",
        "quantity": 6
    }
}, {
    "model": "checkout.orderitem",
    "pk": 45,
    "fields": {
        "order": 29,
        "product": 1,
        "order_item_total": "44.95",
        "quantity": 5
    }
}, {
    "model": "checkout.orderitem",
    "pk": 47,
    "fields": {
        "order": 31,
        "product": 1,
        "order_item_total": "89.90",
        "quantity": 10
    }
}, {
    "model": "checkout.orderitem",
    "pk": 48,
    "fields": {
        "order": 32,
        "product": 10,
        "order_item_total": "53.94",
        "quantity": 6
    }
}, {
    "model": "checkout.orderitem",
    "pk": 49,
    "fields": {
        "order": 33,
        "product": 1,
        "order_item_total": "35.96",
        "quantity": 4
    }
}, {
    "model": "checkout.orderitem",
    "pk": 50,
    "fields": {
        "order": 34,
        "product": 1,
        "order_item_total": "26.97",
        "quantity": 3
    }
}, {
    "model": "checkout.orderitem",
    "pk": 51,
    "fields": {
        "order": 35,
        "product": 1,
        "order_item_total": "80.91",
        "quantity": 9
    }
}, {
    "model": "checkout.orderitem",
    "pk": 52,
    "fields": {
        "order": 36,
        "product": 1,
        "order_item_total": "8.99",
        "quantity": 1
    }
}, {
    "model": "checkout.orderitem",
    "pk": 53,
    "fields": {
        "order": 36,
        "product": 10,
        "order_item_total": "8.99",
        "quantity": 1
    }
}, {
    "model": "checkout.orderitem",
    "pk": 54,
    "fields": {
        "order": 37,
        "product": 1,
        "order_item_total": "8.99",
        "quantity": 1
    }
}, {
    "model": "checkout.orderitem",
    "pk": 56,
    "fields": {
        "order": 39,
        "product": 1,
        "order_item_total": "104.95",
        "quantity": 5
    }
}, {
    "model": "checkout.orderitem",
    "pk": 57,
    "fields": {
        "order": 40,
        "product": 1,
        "order_item_total": "20.99",
        "quantity": 1
    }
}, {
    "model": "checkout.orderitem",
    "pk": 58,
    "fields": {
        "order": 41,
        "product": 1,
        "order_item_total": "62.97",
        "quantity": 3
    }
}, {
    "model": "checkout.orderitem",
    "pk": 59,
    "fields": {
        "order": 42,
        "product": 1,
        "order_item_total": "20.99",
        "quantity": 1
    }
}, {
    "model": "checkout.orderitem",
    "pk": 60,
    "fields": {
        "order": 43,
        "product": 16,
        "order_item_total": "26.98",
        "quantity": 2
    }
}, {
    "model": "checkout.orderitem",
    "pk": 61,
    "fields": {
        "order": 44,
        "product": 16,
        "order_item_total": "53.96",
        "quantity": 4
    }
}, {
    "model": "checkout.orderitem",
    "pk": 62,
    "fields": {
        "order": 45,
        "product": 4,
        "order_item_total": "29.97",
        "quantity": 3
    }
}, {
    "model": "checkout.orderitem",
    "pk": 63,
    "fields": {
        "order": 46,
        "product": 1,
        "order_item_total": "83.96",
        "quantity": 4
    }
}, {
    "model": "checkout.orderitem",
    "pk": 64,
    "fields": {
        "order": 47,
        "product": 11,
        "order_item_total": "19.99",
        "quantity": 1
    }
}, {
    "model": "checkout.orderitem",
    "pk": 65,
    "fields": {
        "order": 47,
        "product": 1,
        "order_item_total": "20.99",
        "quantity": 1
    }
}, {
    "model": "checkout.orderitem",
    "pk": 66,
    "fields": {
        "order": 47,
        "product": 17,
        "order_item_total": "15.00",
        "quantity": 1
    }
}, {
    "model": "checkout.orderitem",
    "pk": 67,
    "fields": {
        "order": 48,
        "product": 16,
        "order_item_total": "26.98",
        "quantity": 2
    }
}, {
    "model": "checkout.orderitem",
    "pk": 68,
    "fields": {
        "order": 48,
        "product": 1,
        "order_item_total": "20.99",
        "quantity": 1
    }
}, {
    "model": "checkout.orderitem",
    "pk": 69,
    "fields": {
        "order": 49,
        "product": 3,
        "order_item_total": "41.96",
        "quantity": 4
    }
}, {
    "model": "checkout.orderitem",
    "pk": 70,
    "fields": {
        "order": 50,
        "product": 1,
        "order_item_total": "167.92",
        "quantity": 8
    }
}, {
    "model": "checkout.orderitem",
    "pk": 71,
    "fields": {
        "order": 51,
        "product": 1,
        "order_item_total": "104.95",
        "quantity": 5
    }
}, {
    "model": "checkout.orderitem",
    "pk": 72,
    "fields": {
        "order": 52,
        "product": 12,
        "order_item_total": "949.00",
        "quantity": 1
    }
}, {
    "model": "accounts.useraccount",
    "pk": 2,
    "fields": {
        "user": 1,
        "default_phone_number": "02392 673705",
        "default_address_line_one": "139 Tangier Road",
        "default_address_line_two": "Copnor",
        "default_city": "Portsmouth",
        "default_county": "Hants",
        "default_postcode": "PO3 6PD",
        "default_country": "GB"
    }
}, {
    "model": "accounts.useraccount",
    "pk": 4,
    "fields": {
        "user": 4,
        "default_phone_number": "02392673705",
        "default_address_line_one": "139 Tangier Road",
        "default_address_line_two": "Copnor",
        "default_city": "Portsmouth",
        "default_county": "Hants",
        "default_postcode": "PO3 6PD",
        "default_country": "GB"
    }
}, {
    "model": "accounts.useraccount",
    "pk": 5,
    "fields": {
        "user": 5,
        "default_phone_number": "07850476884",
        "default_address_line_one": "139 Tangier Road",
        "default_address_line_two": "Copnor",
        "default_city": "Portsmouth",
        "default_county": "Hants",
        "default_postcode": "PO3 6PD",
        "default_country": "GB"
    }
}, {
    "model": "accounts.useraccount",
    "pk": 6,
    "fields": {
        "user": 6,
        "default_phone_number": "02392673705",
        "default_address_line_one": "139 Tangier Road",
        "default_address_line_two": "Copnor",
        "default_city": "Portsmouth",
        "default_county": "Hampshire",
        "default_postcode": "PO3 6PD",
        "default_country": "GB"
    }
}, {
    "model": "accounts.useraccount",
    "pk": 7,
    "fields": {
        "user": 7,
        "default_phone_number": "07850476884",
        "default_address_line_one": "139 Tangier Road",
        "default_address_line_two": "Copnor",
        "default_city": "Portsmouth",
        "default_county": "Hants",
        "default_postcode": "PO3 6PD",
        "default_country": "GB"
    }
}]